{ 
    "_id" : "Female", 
    "value" : {
        "AVG_height" : 166.8126091370556, 
        "AVG_weight" : 70.11331573604058
    }
}
{ 
    "_id" : "Male", 
    "value" : {
        "AVG_height" : 166.73575812638802, 
        "AVG_weight" : 70.01178275792455
    }
}
